,R0,f0,dw,Rm,bg
0,0.9194004535675049,2870.28466796875,8.338831901550293,3516.3022022247314,-145.7521387040615
