,R0,f0,dw,Rm,bg
0,0.9203633666038513,2870.31689453125,8.392851829528809,3555.6307158470154,-186.05514892935753
