,R0,f0,dw,Rm,bg
0,0.9214380383491516,2870.239990234375,8.490178108215332,3516.2339930534363,-145.5325974225998
